<?xml version="1.0" encoding="UTF-8"?>
<project-private xmlns="http://www.netbeans.org/ns/project-private/1">
    <editor-bookmarks xmlns="http://www.netbeans.org/ns/editor-bookmarks/2" lastBookmarkId="0"/>
    <open-files xmlns="http://www.netbeans.org/ns/projectui-open-files/2">
        <group>
            <file>file:/C:/Xampp/htdocs/SUMAEXPRO/conn.php</file>
            <file>file:/C:/Xampp/htdocs/SUMAEXPRO/index.php</file>
            <file>file:/C:/Xampp/htdocs/SUMAEXPRO/view_subject.php</file>
            <file>file:/C:/Xampp/htdocs/SUMAEXPRO/subject.php</file>
            <file>file:/C:/Xampp/htdocs/SUMAEXPRO/css/style.css</file>
        </group>
    </open-files>
</project-private>
